{
  "BasePath": "C:\\Users\\david\\source\\repos\\Our-World-OASIS-API-HoloNET-HoloUnity-And-.NET-HDK",
  //"RustDNAReduxTemplateFolder": "NextGenSoftware.OASIS.STAR\\DNATemplates\\RustDNATemplates\\Redux",
  "RustDNARSMTemplateFolder": "NextGenSoftware.OASIS.STAR\\DNATemplates\\RustDNATemplates\\RSM",
  "CSharpDNATemplateFolder": "NextGenSoftware.OASIS.STAR\\DNATemplates\\CSharpDNATemplates",
  "CelestialBodyDNA": "NextGenSoftware.OASIS.STAR.TestHarness\\CelestialBodyDNA",
  //"GenesisRustFolder": "NextGenSoftware.OASIS.STAR.TestHarness\\bin\\Debug\\net6.0\\Genesis\\Rust",
  //"GenesisCSharpFolder": "NextGenSoftware.OASIS.STAR.TestHarness\\bin\\Debug\\net6.0\\Genesis\\CSharp",
  "GenesisFolder": "NextGenSoftware.OASIS.STAR.TestHarness\\bin\\Debug\\net6.0\\Genesis",
  "GenesisNamespace": "NextGenSoftware.OASIS.STAR.TestHarness.Genesis",
  "TemplateNamespace": "NextGenSoftware.OASIS.STAR.DNATemplates.CSharpTemplates",
  "RustTemplateLib": "core\\lib.rs",
  "RustTemplateHolon": "core\\holon.rs",
  "RustTemplateValidation": "core\\validation.rs",
  "RustTemplateCreate": "crud\\create.rs",
  "RustTemplateRead": "crud\\read.rs",
  "RustTemplateUpdate": "crud\\update.rs",
  "RustTemplateDelete": "crud\\delete.rs",
  "RustTemplateList": "crud\\list.rs",
  "RustTemplateInt": "types\\int.rs",
  "RustTemplateString": "types\\string.rs",
  "RustTemplateBool": "types\\bool.rs",
  "CSharpTemplateIHolonDNA": "Interfaces\\IHolonDNATemplate.cs",
  "CSharpTemplateHolonDNA": "HolonDNATemplate.cs",
  "CSharpTemplateIZomeDNA": "Interfaces\\IZomeDNATemplate.cs",
  "CSharpTemplateZomeDNA": "ZomeDNATemplate.cs",
  "CSharpTemplateICelestialBodyDNA": "Interfaces\\ICelestialBodyDNATemplate.cs",
  "CSharpTemplateCelestialBodyDNA": "CelestialBodyDNATemplate.cs",
  "CSharpTemplateLoadHolonDNA": "LoadHolonDNATemplate.cs",
  "CSharpTemplateSaveHolonDNA": "SaveHolonDNATemplate.cs",
  "CSharpTemplateInt": "types\\int.cs",
  "CSharpTemplateString": "types\\string.cs",
  "CSharpTemplateBool": "types\\bool.cs",
  //"OAPPConsoleTemplateDNA": "C:\\Users\\david\\source\\repos\\Our-World-OASIS-API-HoloNET-HoloUnity-And-.NET-HDK\\NextGenSoftware.OASIS.STAR.DNATemplates.OAPP.Console",
  //"OAPPBlazorTemplateDNA": "C:\\Users\\david\\source\\repos\\Our-World-OASIS-API-HoloNET-HoloUnity-And-.NET-HDK\\NextGenSoftware.OASIS.STAR.DNATemplates.OAPP.WebBlazor",
  //"OAPPWebMVCTemplateDNA": "C:\\Users\\david\\source\\repos\\Our-World-OASIS-API-HoloNET-HoloUnity-And-.NET-HDK\\NextGenSoftware.OASIS.STAR.DNATemplates.OAPP.WebMVC",
  //"OAPPMAUITemplateDNA": "C:\\Users\\david\\source\\repos\\Our-World-OASIS-API-HoloNET-HoloUnity-And-.NET-HDK\\NextGenSoftware.OASIS.STAR.DNATemplates.OAPP.MAUI",
  //"OAPPUnityTemplateDNA": "C:\\Users\\david\\source\\repos\\Our-World-OASIS-API-HoloNET-HoloUnity-And-.NET-HDK\\NextGenSoftware.OASIS.STAR.DNATemplates.OAPP.Unity",
  //"OAPPWinFormsTemplateDNA": "C:\\Users\\david\\source\\repos\\Our-World-OASIS-API-HoloNET-HoloUnity-And-.NET-HDK\\NextGenSoftware.OASIS.STAR.DNATemplates.OAPP.WinForms",
  //"OAPPWPFTemplateDNA": "C:\\Users\\david\\source\\repos\\Our-World-OASIS-API-HoloNET-HoloUnity-And-.NET-HDK\\NextGenSoftware.OASIS.STAR.DNATemplates.OAPP.WPF",
  //"OAPPWindowsServiceTemplateDNA": "C:\\Users\\david\\source\\repos\\Our-World-OASIS-API-HoloNET-HoloUnity-And-.NET-HDK\\NextGenSoftware.OASIS.STAR.DNATemplates.OAPP.WindowsService",
  //"OAPPRESTServiceTemplateDNA": "C:\\Users\\david\\source\\repos\\Our-World-OASIS-API-HoloNET-HoloUnity-And-.NET-HDK\\NextGenSoftware.OASIS.STAR.DNATemplates.OAPP.RESTService",
  //"OAPPgRPCServiceTemplateDNA": "C:\\Users\\david\\source\\repos\\Our-World-OASIS-API-HoloNET-HoloUnity-And-.NET-HDK\\NextGenSoftware.OASIS.STAR.DNATemplates.OAPP.gRPCService",
  //"OAPPGraphQLServiceTemplateDNA": "C:\\Users\\david\\source\\repos\\Our-World-OASIS-API-HoloNET-HoloUnity-And-.NET-HDK\\NextGenSoftware.OASIS.STAR.DNATemplates.OAPP.GraphQLService",
  //"OAPPCustomTemplateDNA": "C:\\Users\\david\\source\\repos\\Our-World-OASIS-API-HoloNET-HoloUnity-And-.NET-HDK\\NextGenSoftware.OASIS.STAR.DNATemplates.OAPP.Custom",
  "OAPPConsoleTemplateDNA": "NextGenSoftware.OASIS.STAR.DNATemplates.OAPP.Console",
  "OAPPBlazorTemplateDNA": "NextGenSoftware.OASIS.STAR.DNATemplates.OAPP.WebBlazor",
  "OAPPWebMVCTemplateDNA": "NextGenSoftware.OASIS.STAR.DNATemplates.OAPP.WebMVC",
  "OAPPMAUITemplateDNA": "NextGenSoftware.OASIS.STAR.DNATemplates.OAPP.MAUI",
  "OAPPUnityTemplateDNA": "NextGenSoftware.OASIS.STAR.DNATemplates.OAPP.Unity",
  "OAPPWinFormsTemplateDNA": "NextGenSoftware.OASIS.STAR.DNATemplates.OAPP.WinForms",
  "OAPPWPFTemplateDNA": "NextGenSoftware.OASIS.STAR.DNATemplates.OAPP.WPF",
  "OAPPWindowsServiceTemplateDNA": "NextGenSoftware.OASIS.STAR.DNATemplates.OAPP.WindowsService",
  "OAPPRESTServiceTemplateDNA": "NextGenSoftware.OASIS.STAR.DNATemplates.OAPP.RESTService",
  "OAPPgRPCServiceTemplateDNA": "NextGenSoftware.OASIS.STAR.DNATemplates.OAPP.gRPCService",
  "OAPPGraphQLServiceTemplateDNA": "NextGenSoftware.OASIS.STAR.DNATemplates.OAPP.GraphQLService",
  "OAPPCustomTemplateDNA": "NextGenSoftware.OASIS.STAR.DNATemplates.OAPP.Custom",

  "OAPPCelestialBodiesFolder": "CelestialBodies",
  "StarProviderKey": "",
  "DefaultGreatGrandSuperStarId": "",
  "DefaultGrandSuperStarId": "",
  "DefaultSuperStarId": "",
  "DefaultStarId": "",
  "DefaultPlanetId": ""
}
   